CollectionDate,Farm,BeeID,WingSize,FlowerID,Count,Log1P(Count),FlowerID2,FlowerID3,FarmSize,Log1P(FarmSize),SunArea,Log1P(SunArea),Total Crop Area
229,AST,263,3.185,GER,0,0,NONSUN,NONHELI,35635,4.55,297.5,2.474944335,17594.5
229,AST,264,2.99,GER,0,0,NONSUN,NONHELI,35635,4.55,297.5,2.474944335,17594.5
229,AST,265,2.99,GER,0,0,NONSUN,NONHELI,35635,4.55,297.5,2.474944335,17594.5
229,AST,266,3.055,GER,0,0,NONSUN,NONHELI,35635,4.55,297.5,2.474944335,17594.5
229,AST,268,2.925,GER,0,0,NONSUN,NONHELI,35635,4.55,297.5,2.474944335,17594.5
229,AST,269,2.99,GER,0,0,NONSUN,NONHELI,35635,4.55,297.5,2.474944335,17594.5
229,AST,270,NA,GER,0,0,NONSUN,NONHELI,35635,4.55,297.5,2.474944335,17594.5
229,AST,273,2.34,SUN,0,0,SUN,HELI,35635,4.55,297.5,2.474944335,17594.5
229,AST,274,2.73,SUN,0,0,SUN,HELI,35635,4.55,297.5,2.474944335,17594.5
229,AST,276,3.055,SUN,0,0,SUN,HELI,35635,4.55,297.5,2.474944335,17594.5
229,AST,277,2.535,SUN,0,0,SUN,HELI,35635,4.55,297.5,2.474944335,17594.5
229,AST,278,3.055,SUN,0,0,SUN,HELI,35635,4.55,297.5,2.474944335,17594.5
229,AST,279,2.86,SUN,0,0,SUN,HELI,35635,4.55,297.5,2.474944335,17594.5
229,AST,280,2.73,SUN,0,0,SUN,HELI,35635,4.55,297.5,2.474944335,17594.5
229,AST,282,3.055,TOM,0,0,NONSUN,NONHELI,35635,4.55,297.5,2.474944335,17594.5
229,AST,284,2.925,TOM,0,0,NONSUN,NONHELI,35635,4.55,297.5,2.474944335,17594.5
229,AST,285,2.925,TOM,0,0,NONSUN,NONHELI,35635,4.55,297.5,2.474944335,17594.5
229,AST,287,2.47,TOM,0,0,NONSUN,NONHELI,35635,4.55,297.5,2.474944335,17594.5
229,AST,288,2.665,TOM,0,0,NONSUN,NONHELI,35635,4.55,297.5,2.474944335,17594.5
229,AST,290,2.6,TOM,0,0,NONSUN,NONHELI,35635,4.55,297.5,2.474944335,17594.5
229,AST,281,2.795,TOM,8,0.954242509,NONSUN,NONHELI,35635,4.55,297.5,2.474944335,17594.5
229,AST,291,2.86,TOM,8,0.954242509,NONSUN,NONHELI,35635,4.55,297.5,2.474944335,17594.5
229,AST,292,2.925,TOM,8,0.954242509,NONSUN,NONHELI,35635,4.55,297.5,2.474944335,17594.5
229,AST,275,3.055,SUN,26,1.431363764,SUN,HELI,35635,4.55,297.5,2.474944335,17594.5
229,AST,286,2.73,TOM,29,1.477121255,NONSUN,NONHELI,35635,4.55,297.5,2.474944335,17594.5
229,AST,272,2.6,SUN,48,1.69019608,SUN,HELI,35635,4.55,297.5,2.474944335,17594.5
229,AST,289,2.34,TOM,50,1.707570176,NONSUN,NONHELI,35635,4.55,297.5,2.474944335,17594.5
229,AST,283,2.665,TOM,56,1.755874856,NONSUN,NONHELI,35635,4.55,297.5,2.474944335,17594.5
229,AST,267,NA,GER,118,2.075546961,NONSUN,NONHELI,35635,4.55,297.5,2.474944335,17594.5
210,ATL,54,3.25,TOM,0,0,NONSUN,NONHELI,426259.68,5.12,0,0,295218.18
210,ATL,56,2.47,TOM,0,0,NONSUN,NONHELI,426259.68,5.12,0,0,295218.18
210,ATL,61,3.055,TOM,0,0,NONSUN,NONHELI,426259.68,5.12,0,0,295218.18
210,ATL,65,2.665,TOM,0,0,NONSUN,NONHELI,426259.68,5.12,0,0,295218.18
210,ATL,70,3.12,TOM,0,0,NONSUN,NONHELI,426259.68,5.12,0,0,295218.18
210,ATL,47,2.665,TOM,2,0.477121255,NONSUN,NONHELI,426259.68,5.12,0,0,295218.18
210,ATL,45,2.405,TOM,5,0.77815125,NONSUN,NONHELI,426259.68,5.12,0,0,295218.18
210,ATL,59,2.73,TOM,27,1.447158031,NONSUN,NONHELI,426259.68,5.12,0,0,295218.18
210,ATL,63,2.405,TOM,28,1.462397998,NONSUN,NONHELI,426259.68,5.12,0,0,295218.18
210,ATL,68,2.73,TOM,41,1.62324929,NONSUN,NONHELI,426259.68,5.12,0,0,295218.18
210,ATL,50,2.925,TOM,45,1.662757832,NONSUN,NONHELI,426259.68,5.12,0,0,295218.18
210,ATL,62,2.925,TOM,50,1.707570176,NONSUN,NONHELI,426259.68,5.12,0,0,295218.18
210,ATL,69,2.6,TOM,59,1.77815125,NONSUN,NONHELI,426259.68,5.12,0,0,295218.18
210,ATL,51,2.665,TOM,70,1.851258349,NONSUN,NONHELI,426259.68,5.12,0,0,295218.18
210,ATL,55,2.47,TOM,78,1.897627091,NONSUN,NONHELI,426259.68,5.12,0,0,295218.18
210,ATL,66,2.925,TOM,80,1.908485019,NONSUN,NONHELI,426259.68,5.12,0,0,295218.18
210,ATL,64,2.275,TOM,83,1.924279286,NONSUN,NONHELI,426259.68,5.12,0,0,295218.18
210,ATL,74,2.535,TOM,85,1.934498451,NONSUN,NONHELI,426259.68,5.12,0,0,295218.18
210,ATL,49,2.535,TOM,97,1.991226076,NONSUN,NONHELI,426259.68,5.12,0,0,295218.18
210,ATL,67,2.47,TOM,100,2.004321374,NONSUN,NONHELI,426259.68,5.12,0,0,295218.18
210,ATL,60,2.08,TOM,102,2.012837225,NONSUN,NONHELI,426259.68,5.12,0,0,295218.18
210,ATL,53,2.6,TOM,123,2.093421685,NONSUN,NONHELI,426259.68,5.12,0,0,295218.18
210,ATL,44,2.34,TOM,124,2.096910013,NONSUN,NONHELI,426259.68,5.12,0,0,295218.18
210,ATL,71,2.405,TOM,130,2.117271296,NONSUN,NONHELI,426259.68,5.12,0,0,295218.18
210,ATL,72,2.405,TOM,137,2.139879086,NONSUN,NONHELI,426259.68,5.12,0,0,295218.18
210,ATL,48,2.535,TOM,156,2.195899652,NONSUN,NONHELI,426259.68,5.12,0,0,295218.18
210,ATL,75,2.6,TOM,193,2.28780173,NONSUN,NONHELI,426259.68,5.12,0,0,295218.18
210,ATL,58,2.21,TOM,201,2.305351369,NONSUN,NONHELI,426259.68,5.12,0,0,295218.18
210,ATL,46,2.795,TOM,203,2.309630167,NONSUN,NONHELI,426259.68,5.12,0,0,295218.18
210,ATL,52,2.73,TOM,210,2.324282455,NONSUN,NONHELI,426259.68,5.12,0,0,295218.18
210,ATL,73,2.73,TOM,263,2.421603927,NONSUN,NONHELI,426259.68,5.12,0,0,295218.18
210,ATL,57,2.795,TOM,274,2.439332694,NONSUN,NONHELI,426259.68,5.12,0,0,295218.18
216,BRK,150,2.665,CHOC,0,0,SUN,HELI,27602.79,4.44,142.4,2.156549151,4761.48
216,BRK,163,2.34,ROF,0,0,SUN,HELI,27602.79,4.44,142.4,2.156549151,4761.48
216,BRK,165,NA,ROF,0,0,SUN,HELI,27602.79,4.44,142.4,2.156549151,4761.48
216,BRK,171,2.275,ROF,1,0.301029996,SUN,HELI,27602.79,4.44,142.4,2.156549151,4761.48
216,BRK,167,2.405,ROF,2,0.477121255,SUN,HELI,27602.79,4.44,142.4,2.156549151,4761.48
216,BRK,143,2.6,CHOC,3,0.602059991,SUN,HELI,27602.79,4.44,142.4,2.156549151,4761.48
216,BRK,151,2.795,CHOC,3,0.602059991,SUN,HELI,27602.79,4.44,142.4,2.156549151,4761.48
216,BRK,156,2.535,CHOC,3,0.602059991,SUN,HELI,27602.79,4.44,142.4,2.156549151,4761.48
216,BRK,162,2.6,ROF,3,0.602059991,SUN,HELI,27602.79,4.44,142.4,2.156549151,4761.48
216,BRK,154,2.665,CHOC,4,0.698970004,SUN,HELI,27602.79,4.44,142.4,2.156549151,4761.48
216,BRK,173,2.145,ROF,6,0.84509804,SUN,HELI,27602.79,4.44,142.4,2.156549151,4761.48
216,BRK,158,2.535,CHOC,13,1.146128036,SUN,HELI,27602.79,4.44,142.4,2.156549151,4761.48
216,BRK,153,2.405,CHOC,16,1.230448921,SUN,HELI,27602.79,4.44,142.4,2.156549151,4761.48
216,BRK,172,2.34,ROF,20,1.322219295,SUN,HELI,27602.79,4.44,142.4,2.156549151,4761.48
216,BRK,157,2.275,CHOC,22,1.361727836,SUN,HELI,27602.79,4.44,142.4,2.156549151,4761.48
216,BRK,145,2.405,CHOC,26,1.431363764,SUN,HELI,27602.79,4.44,142.4,2.156549151,4761.48
216,BRK,169,2.275,ROF,27,1.447158031,SUN,HELI,27602.79,4.44,142.4,2.156549151,4761.48
216,BRK,142,2.34,CHOC,31,1.505149978,SUN,HELI,27602.79,4.44,142.4,2.156549151,4761.48
216,BRK,144,2.405,CHOC,33,1.531478917,SUN,HELI,27602.79,4.44,142.4,2.156549151,4761.48
216,BRK,170,2.145,ROF,33,1.531478917,SUN,HELI,27602.79,4.44,142.4,2.156549151,4761.48
216,BRK,148,2.275,CHOC,35,1.556302501,SUN,HELI,27602.79,4.44,142.4,2.156549151,4761.48
216,BRK,161,2.34,ROF,36,1.568201724,SUN,HELI,27602.79,4.44,142.4,2.156549151,4761.48
216,BRK,159,2.535,ROF,37,1.579783597,SUN,HELI,27602.79,4.44,142.4,2.156549151,4761.48
216,BRK,164,2.795,ROF,39,1.602059991,SUN,HELI,27602.79,4.44,142.4,2.156549151,4761.48
216,BRK,160,2.275,ROF,43,1.643452676,SUN,HELI,27602.79,4.44,142.4,2.156549151,4761.48
216,BRK,166,2.665,ROF,46,1.672097858,SUN,HELI,27602.79,4.44,142.4,2.156549151,4761.48
216,BRK,168,2.08,ROF,51,1.716003344,SUN,HELI,27602.79,4.44,142.4,2.156549151,4761.48
216,BRK,155,2.535,CHOC,63,1.806179974,SUN,HELI,27602.79,4.44,142.4,2.156549151,4761.48
216,BRK,146,2.6,CHOC,74,1.875061263,SUN,HELI,27602.79,4.44,142.4,2.156549151,4761.48
216,BRK,149,2.535,CHOC,84,1.929418926,SUN,HELI,27602.79,4.44,142.4,2.156549151,4761.48
216,BRK,147,2.535,CHOC,105,2.025305865,SUN,HELI,27602.79,4.44,142.4,2.156549151,4761.48
209,CAC,30,3.185,MEX,0,0,NONSUN,NONHELI,306008.73,5.49,42.075,1.634225286,150250
209,CAC,37,2.925,MEX,0,0,NONSUN,NONHELI,306008.73,5.49,42.075,1.634225286,150250
209,CAC,39,2.47,MEX,0,0,NONSUN,NONHELI,306008.73,5.49,42.075,1.634225286,150250
209,CAC,43,2.665,MEX,0,0,NONSUN,NONHELI,306008.73,5.49,42.075,1.634225286,150250
209,CAC,29,2.6,MEX,3,0.602059991,NONSUN,NONHELI,306008.73,5.49,42.075,1.634225286,150250
209,CAC,35,2.99,MEX,3,0.602059991,NONSUN,NONHELI,306008.73,5.49,42.075,1.634225286,150250
209,CAC,38,2.795,MEX,3,0.602059991,NONSUN,NONHELI,306008.73,5.49,42.075,1.634225286,150250
209,CAC,41,2.535,MEX,3,0.602059991,NONSUN,NONHELI,306008.73,5.49,42.075,1.634225286,150250
209,CAC,40,2.405,MEX,8,0.954242509,NONSUN,NONHELI,306008.73,5.49,42.075,1.634225286,150250
209,CAC,27,2.99,MEX,11,1.079181246,NONSUN,NONHELI,306008.73,5.49,42.075,1.634225286,150250
209,CAC,28,2.73,MEX,12,1.113943352,NONSUN,NONHELI,306008.73,5.49,42.075,1.634225286,150250
209,CAC,34,2.535,MEX,15,1.204119983,NONSUN,NONHELI,306008.73,5.49,42.075,1.634225286,150250
209,CAC,32,2.34,MEX,18,1.278753601,NONSUN,NONHELI,306008.73,5.49,42.075,1.634225286,150250
209,CAC,33,2.535,MEX,22,1.361727836,NONSUN,NONHELI,306008.73,5.49,42.075,1.634225286,150250
209,CAC,31,2.665,MEX,25,1.414973348,NONSUN,NONHELI,306008.73,5.49,42.075,1.634225286,150250
209,CAC,24,2.925,MEX,49,1.698970004,NONSUN,NONHELI,306008.73,5.49,42.075,1.634225286,150250
209,CAC,26,2.99,MEX,50,1.707570176,NONSUN,NONHELI,306008.73,5.49,42.075,1.634225286,150250
209,CAC,42,2.34,MEX,71,1.857332496,NONSUN,NONHELI,306008.73,5.49,42.075,1.634225286,150250
209,CAC,23,2.665,MEX,85,1.934498451,NONSUN,NONHELI,306008.73,5.49,42.075,1.634225286,150250
209,CAC,25,2.665,MEX,104,2.021189299,NONSUN,NONHELI,306008.73,5.49,42.075,1.634225286,150250
209,CAC,36,2.6,MEX,119,2.079181246,NONSUN,NONHELI,306008.73,5.49,42.075,1.634225286,150250
209,CAC,22,2.99,MEX,134,2.130333768,NONSUN,NONHELI,306008.73,5.49,42.075,1.634225286,150250
209,CAC,21,2.015,BSUN,174,2.243038049,SUN,HELI,306008.73,5.49,42.075,1.634225286,150250
232,DAV,425,2.925,SUN,0,0,SUN,HELI,69000,4.84,518,2.715167358,5813
232,DAV,426,2.6,SUN,0,0,SUN,HELI,69000,4.84,518,2.715167358,5813
232,DAV,428,2.86,SUN,0,0,SUN,HELI,69000,4.84,518,2.715167358,5813
232,DAV,429,2.73,SUN,0,0,SUN,HELI,69000,4.84,518,2.715167358,5813
232,DAV,430,3.25,SUN,0,0,SUN,HELI,69000,4.84,518,2.715167358,5813
232,DAV,431,2.795,SUN,0,0,SUN,HELI,69000,4.84,518,2.715167358,5813
232,DAV,432,2.275,SUN,0,0,SUN,HELI,69000,4.84,518,2.715167358,5813
232,DAV,433,2.275,SUN,0,0,SUN,HELI,69000,4.84,518,2.715167358,5813
232,DAV,434,2.34,SUN,0,0,SUN,HELI,69000,4.84,518,2.715167358,5813
232,DAV,436,2.665,SUN,0,0,SUN,HELI,69000,4.84,518,2.715167358,5813
232,DAV,437,2.665,SUN,0,0,SUN,HELI,69000,4.84,518,2.715167358,5813
232,DAV,439,2.47,SUN,0,0,SUN,HELI,69000,4.84,518,2.715167358,5813
232,DAV,442,2.405,SUN,0,0,SUN,HELI,69000,4.84,518,2.715167358,5813
232,DAV,443,2.47,SUN,0,0,SUN,HELI,69000,4.84,518,2.715167358,5813
232,DAV,446,2.6,SUN,0,0,SUN,HELI,69000,4.84,518,2.715167358,5813
232,DAV,447,2.665,SUN,0,0,SUN,HELI,69000,4.84,518,2.715167358,5813
232,DAV,448,2.73,SUN,0,0,SUN,HELI,69000,4.84,518,2.715167358,5813
232,DAV,449,2.405,SUN,0,0,SUN,HELI,69000,4.84,518,2.715167358,5813
232,DAV,450,2.47,SUN,0,0,SUN,HELI,69000,4.84,518,2.715167358,5813
232,DAV,452,3.055,SUN,0,0,SUN,HELI,69000,4.84,518,2.715167358,5813
232,DAV,453,2.665,SUN,0,0,SUN,HELI,69000,4.84,518,2.715167358,5813
232,DAV,454,2.73,SUN,0,0,SUN,HELI,69000,4.84,518,2.715167358,5813
232,DAV,455,2.6,SUN,0,0,SUN,HELI,69000,4.84,518,2.715167358,5813
232,DAV,427,2.795,SUN,3,0.602059991,SUN,HELI,69000,4.84,518,2.715167358,5813
232,DAV,457,2.73,SUN,4,0.698970004,SUN,HELI,69000,4.84,518,2.715167358,5813
232,DAV,458,2.6,SUN,4,0.698970004,SUN,HELI,69000,4.84,518,2.715167358,5813
232,DAV,444,2.665,SUN,8,0.954242509,SUN,HELI,69000,4.84,518,2.715167358,5813
232,DAV,456,2.535,SUN,8,0.954242509,SUN,HELI,69000,4.84,518,2.715167358,5813
232,DAV,441,2.925,SUN,11,1.079181246,SUN,HELI,69000,4.84,518,2.715167358,5813
232,DAV,440,2.925,SUN,12,1.113943352,SUN,HELI,69000,4.84,518,2.715167358,5813
232,DAV,459,2.73,SUN,13,1.146128036,SUN,HELI,69000,4.84,518,2.715167358,5813
232,DAV,445,2.795,SUN,21,1.342422681,SUN,HELI,69000,4.84,518,2.715167358,5813
232,DAV,435,2.405,SUN,29,1.477121255,SUN,HELI,69000,4.84,518,2.715167358,5813
232,DAV,451,2.925,SUN,43,1.643452676,SUN,HELI,69000,4.84,518,2.715167358,5813
232,DAV,438,2.405,SUN,143,2.158362492,SUN,HELI,69000,4.84,518,2.715167358,5813
211,ENT,76,2.405,CHOC,0,0,SUN,HELI,49943.12,4.7,233.55,2.370235437,5449.55
211,ENT,77,2.34,CHOC,0,0,SUN,HELI,49943.12,4.7,233.55,2.370235437,5449.55
211,ENT,82,2.99,HOL,0,0,SUN,HELI,49943.12,4.7,233.55,2.370235437,5449.55
211,ENT,83,2.47,HOL,0,0,SUN,HELI,49943.12,4.7,233.55,2.370235437,5449.55
211,ENT,84,2.665,HOL,0,0,SUN,HELI,49943.12,4.7,233.55,2.370235437,5449.55
211,ENT,86,2.6,HOL,0,0,SUN,HELI,49943.12,4.7,233.55,2.370235437,5449.55
211,ENT,87,2.73,HOL,0,0,SUN,HELI,49943.12,4.7,233.55,2.370235437,5449.55
211,ENT,88,2.6,HOL,0,0,SUN,HELI,49943.12,4.7,233.55,2.370235437,5449.55
211,ENT,90,2.73,HOL,0,0,SUN,HELI,49943.12,4.7,233.55,2.370235437,5449.55
211,ENT,91,2.275,HOL,0,0,SUN,HELI,49943.12,4.7,233.55,2.370235437,5449.55
211,ENT,92,2.795,HOL,0,0,SUN,HELI,49943.12,4.7,233.55,2.370235437,5449.55
211,ENT,94,2.21,HOL,0,0,SUN,HELI,49943.12,4.7,233.55,2.370235437,5449.55
211,ENT,96,2.925,HOL,0,0,SUN,HELI,49943.12,4.7,233.55,2.370235437,5449.55
211,ENT,97,2.21,HOL,0,0,SUN,HELI,49943.12,4.7,233.55,2.370235437,5449.55
211,ENT,98,2.925,HOL,0,0,SUN,HELI,49943.12,4.7,233.55,2.370235437,5449.55
211,ENT,101,2.73,HOL,0,0,SUN,HELI,49943.12,4.7,233.55,2.370235437,5449.55
211,ENT,103,2.275,MAM,0,0,SUN,HELI,49943.12,4.7,233.55,2.370235437,5449.55
211,ENT,104,2.405,MAM,0,0,SUN,HELI,49943.12,4.7,233.55,2.370235437,5449.55
211,ENT,105,2.535,MAM,0,0,SUN,HELI,49943.12,4.7,233.55,2.370235437,5449.55
211,ENT,106,2.73,MAM,0,0,SUN,HELI,49943.12,4.7,233.55,2.370235437,5449.55
211,ENT,107,2.795,MAM,0,0,SUN,HELI,49943.12,4.7,233.55,2.370235437,5449.55
211,ENT,108,2.275,MAM,0,0,SUN,HELI,49943.12,4.7,233.55,2.370235437,5449.55
211,ENT,99,2.275,HOL,1,0.301029996,SUN,HELI,49943.12,4.7,233.55,2.370235437,5449.55
211,ENT,102,2.275,MAM,6,0.84509804,SUN,HELI,49943.12,4.7,233.55,2.370235437,5449.55
211,ENT,93,2.405,HOL,9,1,SUN,HELI,49943.12,4.7,233.55,2.370235437,5449.55
211,ENT,100,2.275,HOL,39,1.602059991,SUN,HELI,49943.12,4.7,233.55,2.370235437,5449.55
211,ENT,85,2.6,HOL,104,2.021189299,SUN,HELI,49943.12,4.7,233.55,2.370235437,5449.55
211,ENT,95,2.08,HOL,250,2.399673721,SUN,HELI,49943.12,4.7,233.55,2.370235437,5449.55
211,ENT,89,2.47,HOL,262,2.419955748,SUN,HELI,49943.12,4.7,233.55,2.370235437,5449.55
238,GOL,546,2.665,RAS,0,0,NONSUN,NONHELI,83645,4.92,232,2.367355921,28111.5
238,GOL,547,2.86,RAS,0,0,NONSUN,NONHELI,83645,4.92,232,2.367355921,28111.5
238,GOL,552,2.665,RAS,0,0,NONSUN,NONHELI,83645,4.92,232,2.367355921,28111.5
238,GOL,554,2.665,RAS,0,0,NONSUN,NONHELI,83645,4.92,232,2.367355921,28111.5
238,GOL,556,2.405,RAS,0,0,NONSUN,NONHELI,83645,4.92,232,2.367355921,28111.5
238,GOL,563,3.055,SUN,0,0,SUN,HELI,83645,4.92,232,2.367355921,28111.5
238,GOL,566,2.795,SUN,0,0,SUN,HELI,83645,4.92,232,2.367355921,28111.5
238,GOL,569,2.21,SUN,0,0,SUN,HELI,83645,4.92,232,2.367355921,28111.5
238,GOL,570,2.275,SUN,0,0,SUN,HELI,83645,4.92,232,2.367355921,28111.5
238,GOL,572,2.99,SUN,0,0,SUN,HELI,83645,4.92,232,2.367355921,28111.5
238,GOL,573,2.6,SUN,0,0,SUN,HELI,83645,4.92,232,2.367355921,28111.5
238,GOL,575,2.795,SUN,0,0,SUN,HELI,83645,4.92,232,2.367355921,28111.5
238,GOL,579,3.055,SUN,0,0,SUN,HELI,83645,4.92,232,2.367355921,28111.5
238,GOL,551,2.73,RAS,1,0.301029996,NONSUN,NONHELI,83645,4.92,232,2.367355921,28111.5
238,GOL,578,2.665,SUN,2,0.477121255,SUN,HELI,83645,4.92,232,2.367355921,28111.5
238,GOL,577,2.34,SUN,3,0.602059991,SUN,HELI,83645,4.92,232,2.367355921,28111.5
238,GOL,555,2.925,RAS,4,0.698970004,NONSUN,NONHELI,83645,4.92,232,2.367355921,28111.5
238,GOL,571,2.21,SUN,4,0.698970004,SUN,HELI,83645,4.92,232,2.367355921,28111.5
238,GOL,548,2.405,RAS,26,1.431363764,NONSUN,NONHELI,83645,4.92,232,2.367355921,28111.5
238,GOL,564,2.535,SUN,28,1.462397998,SUN,HELI,83645,4.92,232,2.367355921,28111.5
238,GOL,567,2.275,SUN,35,1.556302501,SUN,HELI,83645,4.92,232,2.367355921,28111.5
238,GOL,565,2.47,SUN,53,1.73239376,SUN,HELI,83645,4.92,232,2.367355921,28111.5
238,GOL,553,NA,RAS,56,1.755874856,NONSUN,NONHELI,83645,4.92,232,2.367355921,28111.5
238,GOL,574,2.535,SUN,71,1.857332496,SUN,HELI,83645,4.92,232,2.367355921,28111.5
238,GOL,549,2.73,RAS,74,1.875061263,NONSUN,NONHELI,83645,4.92,232,2.367355921,28111.5
238,GOL,568,2.6,SUN,79,1.903089987,SUN,HELI,83645,4.92,232,2.367355921,28111.5
238,GOL,545,2.535,RAS,83,1.924279286,NONSUN,NONHELI,83645,4.92,232,2.367355921,28111.5
238,GOL,550,2.925,RAS,172,2.238046103,NONSUN,NONHELI,83645,4.92,232,2.367355921,28111.5
238,GOL,576,2.86,SUN,217,2.338456494,SUN,HELI,83645,4.92,232,2.367355921,28111.5
230,HAM,300,2.925,SUN,0,0,SUN,HELI,40868,4.61,80,1.908485019,3460
230,HAM,301,2.86,SUN,0,0,SUN,HELI,40868,4.61,80,1.908485019,3460
230,HAM,302,2.795,SUN,0,0,SUN,HELI,40868,4.61,80,1.908485019,3460
230,HAM,303,2.6,SUN,0,0,SUN,HELI,40868,4.61,80,1.908485019,3460
230,HAM,304,2.925,SUN,0,0,SUN,HELI,40868,4.61,80,1.908485019,3460
230,HAM,305,2.795,SUN,0,0,SUN,HELI,40868,4.61,80,1.908485019,3460
230,HAM,306,2.665,SUN,0,0,SUN,HELI,40868,4.61,80,1.908485019,3460
230,HAM,307,2.99,SUN,0,0,SUN,HELI,40868,4.61,80,1.908485019,3460
230,HAM,308,2.925,SUN,0,0,SUN,HELI,40868,4.61,80,1.908485019,3460
230,HAM,309,2.535,SUN,0,0,SUN,HELI,40868,4.61,80,1.908485019,3460
230,HAM,310,2.795,SUN,0,0,SUN,HELI,40868,4.61,80,1.908485019,3460
230,HAM,313,2.99,SUN,0,0,SUN,HELI,40868,4.61,80,1.908485019,3460
230,HAM,314,2.6,SUN,0,0,SUN,HELI,40868,4.61,80,1.908485019,3460
230,HAM,315,2.86,SUN,0,0,SUN,HELI,40868,4.61,80,1.908485019,3460
230,HAM,316,2.665,SUN,0,0,SUN,HELI,40868,4.61,80,1.908485019,3460
230,HAM,317,2.925,SUN,0,0,SUN,HELI,40868,4.61,80,1.908485019,3460
230,HAM,319,2.795,SUN,0,0,SUN,HELI,40868,4.61,80,1.908485019,3460
230,HAM,320,2.6,SUN,0,0,SUN,HELI,40868,4.61,80,1.908485019,3460
230,HAM,321,2.6,SUN,0,0,SUN,HELI,40868,4.61,80,1.908485019,3460
230,HAM,322,2.6,SUN,0,0,SUN,HELI,40868,4.61,80,1.908485019,3460
230,HAM,324,2.6,SUN,0,0,SUN,HELI,40868,4.61,80,1.908485019,3460
230,HAM,326,2.86,SUN,0,0,SUN,HELI,40868,4.61,80,1.908485019,3460
230,HAM,327,2.6,SUN,7,0.903089987,SUN,HELI,40868,4.61,80,1.908485019,3460
230,HAM,323,2.665,SUN,14,1.176091259,SUN,HELI,40868,4.61,80,1.908485019,3460
230,HAM,325,2.925,SUN,23,1.380211242,SUN,HELI,40868,4.61,80,1.908485019,3460
230,HAM,312,3.12,SUN,27,1.447158031,SUN,HELI,40868,4.61,80,1.908485019,3460
230,HAM,311,2.405,SUN,44,1.653212514,SUN,HELI,40868,4.61,80,1.908485019,3460
230,HAM,328,2.47,SUN,46,1.672097858,SUN,HELI,40868,4.61,80,1.908485019,3460
230,HAM,318,3.055,SUN,52,1.72427587,SUN,HELI,40868,4.61,80,1.908485019,3460
236,JOE,480,2.665,SQU,0,0,NONSUN,NONHELI,77000,4.89,0,0,77000
236,JOE,481,3.185,SQU,0,0,NONSUN,NONHELI,77000,4.89,0,0,77000
236,JOE,482,3.055,SQU,0,0,NONSUN,NONHELI,77000,4.89,0,0,77000
236,JOE,483,2.99,SQU,0,0,NONSUN,NONHELI,77000,4.89,0,0,77000
236,JOE,484,3.25,SQU,0,0,NONSUN,NONHELI,77000,4.89,0,0,77000
236,JOE,485,2.99,SQU,0,0,NONSUN,NONHELI,77000,4.89,0,0,77000
236,JOE,486,2.535,SQU,0,0,NONSUN,NONHELI,77000,4.89,0,0,77000
236,JOE,487,3.055,SQU,0,0,NONSUN,NONHELI,77000,4.89,0,0,77000
236,JOE,488,2.99,SQU,0,0,NONSUN,NONHELI,77000,4.89,0,0,77000
236,JOE,491,2.86,SQU,0,0,NONSUN,NONHELI,77000,4.89,0,0,77000
236,JOE,493,2.99,SQU,0,0,NONSUN,NONHELI,77000,4.89,0,0,77000
236,JOE,496,3.12,SQU,0,0,NONSUN,NONHELI,77000,4.89,0,0,77000
236,JOE,498,3.12,SQU,0,0,NONSUN,NONHELI,77000,4.89,0,0,77000
236,JOE,499,3.055,SQU,0,0,NONSUN,NONHELI,77000,4.89,0,0,77000
236,JOE,502,3.12,SQU,0,0,NONSUN,NONHELI,77000,4.89,0,0,77000
236,JOE,503,3.185,SQU,0,0,NONSUN,NONHELI,77000,4.89,0,0,77000
236,JOE,504,2.99,SQU,0,0,NONSUN,NONHELI,77000,4.89,0,0,77000
236,JOE,505,3.185,SQU,0,0,NONSUN,NONHELI,77000,4.89,0,0,77000
236,JOE,506,2.925,SQU,0,0,NONSUN,NONHELI,77000,4.89,0,0,77000
236,JOE,507,2.99,SQU,0,0,NONSUN,NONHELI,77000,4.89,0,0,77000
236,JOE,508,3.445,SQU,0,0,NONSUN,NONHELI,77000,4.89,0,0,77000
236,JOE,509,3.185,SQU,0,0,NONSUN,NONHELI,77000,4.89,0,0,77000
236,JOE,510,3.055,SQU,0,0,NONSUN,NONHELI,77000,4.89,0,0,77000
236,JOE,501,2.86,SQU,1,0.301029996,NONSUN,NONHELI,77000,4.89,0,0,77000
236,JOE,494,3.055,SQU,32,1.51851394,NONSUN,NONHELI,77000,4.89,0,0,77000
236,JOE,500,2.34,SQU,32,1.51851394,NONSUN,NONHELI,77000,4.89,0,0,77000
236,JOE,492,2.665,SQU,40,1.612783857,NONSUN,NONHELI,77000,4.89,0,0,77000
236,JOE,497,2.925,SQU,77,1.892094603,NONSUN,NONHELI,77000,4.89,0,0,77000
236,JOE,495,3.315,SQU,99,2,NONSUN,NONHELI,77000,4.89,0,0,77000
236,JOE,490,2.795,SQU,110,2.045322979,NONSUN,NONHELI,77000,4.89,0,0,77000
236,JOE,511,3.25,SQU,121,2.086359831,NONSUN,NONHELI,77000,4.89,0,0,77000
236,JOE,489,3.12,SQU,182,2.26245109,NONSUN,NONHELI,77000,4.89,0,0,77000
260,LAR,680,2.6,SUN,0,0,SUN,HELI,3458.35,3.54,480,2.682145076,1978.35
260,LAR,681,2.795,SUN,0,0,SUN,HELI,3458.35,3.54,480,2.682145076,1978.35
260,LAR,682,2.275,SUN,0,0,SUN,HELI,3458.35,3.54,480,2.682145076,1978.35
260,LAR,683,2.34,SUN,0,0,SUN,HELI,3458.35,3.54,480,2.682145076,1978.35
260,LAR,685,2.6,SUN,0,0,SUN,HELI,3458.35,3.54,480,2.682145076,1978.35
260,LAR,686,2.73,SUN,0,0,SUN,HELI,3458.35,3.54,480,2.682145076,1978.35
260,LAR,687,2.665,SUN,0,0,SUN,HELI,3458.35,3.54,480,2.682145076,1978.35
260,LAR,688,2.73,SUN,0,0,SUN,HELI,3458.35,3.54,480,2.682145076,1978.35
260,LAR,689,2.795,SUN,0,0,SUN,HELI,3458.35,3.54,480,2.682145076,1978.35
260,LAR,690,2.925,SUN,0,0,SUN,HELI,3458.35,3.54,480,2.682145076,1978.35
260,LAR,691,2.6,SUN,0,0,SUN,HELI,3458.35,3.54,480,2.682145076,1978.35
260,LAR,692,2.535,SUN,0,0,SUN,HELI,3458.35,3.54,480,2.682145076,1978.35
260,LAR,694,2.665,SUN,0,0,SUN,HELI,3458.35,3.54,480,2.682145076,1978.35
260,LAR,695,2.795,SUN,0,0,SUN,HELI,3458.35,3.54,480,2.682145076,1978.35
260,LAR,696,2.73,SUN,0,0,SUN,HELI,3458.35,3.54,480,2.682145076,1978.35
260,LAR,697,2.795,SUN,0,0,SUN,HELI,3458.35,3.54,480,2.682145076,1978.35
260,LAR,698,2.535,SUN,0,0,SUN,HELI,3458.35,3.54,480,2.682145076,1978.35
260,LAR,699,2.47,SUN,0,0,SUN,HELI,3458.35,3.54,480,2.682145076,1978.35
260,LAR,701,2.73,SUN,0,0,SUN,HELI,3458.35,3.54,480,2.682145076,1978.35
260,LAR,702,2.665,SUN,0,0,SUN,HELI,3458.35,3.54,480,2.682145076,1978.35
260,LAR,703,2.665,SUN,0,0,SUN,HELI,3458.35,3.54,480,2.682145076,1978.35
260,LAR,693,2.665,SUN,1,0.301029996,SUN,HELI,3458.35,3.54,480,2.682145076,1978.35
260,LAR,700,2.665,SUN,3,0.602059991,SUN,HELI,3458.35,3.54,480,2.682145076,1978.35
260,LAR,684,2.6,SUN,15,1.204119983,SUN,HELI,3458.35,3.54,480,2.682145076,1978.35
232,MHF,460,2.6,RAS,0,0,NONSUN,NONHELI,7364,3.87,50,1.707570176,675
232,MHF,461,2.925,RAS,0,0,NONSUN,NONHELI,7364,3.87,50,1.707570176,675
232,MHF,463,2.535,RAS,0,0,NONSUN,NONHELI,7364,3.87,50,1.707570176,675
232,MHF,464,2.275,RAS,0,0,NONSUN,NONHELI,7364,3.87,50,1.707570176,675
232,MHF,465,2.405,RAS,0,0,NONSUN,NONHELI,7364,3.87,50,1.707570176,675
232,MHF,466,2.665,RAS,0,0,NONSUN,NONHELI,7364,3.87,50,1.707570176,675
232,MHF,467,2.47,RAS,0,0,NONSUN,NONHELI,7364,3.87,50,1.707570176,675
232,MHF,468,2.275,RAS,0,0,NONSUN,NONHELI,7364,3.87,50,1.707570176,675
232,MHF,470,3.185,RAS,0,0,NONSUN,NONHELI,7364,3.87,50,1.707570176,675
232,MHF,471,2.665,T_M,0,0,NONSUN,NONHELI,7364,3.87,50,1.707570176,675
232,MHF,472,2.665,T_M,0,0,NONSUN,NONHELI,7364,3.87,50,1.707570176,675
232,MHF,473,2.73,T_M,0,0,NONSUN,NONHELI,7364,3.87,50,1.707570176,675
232,MHF,477,2.925,T_M,0,0,NONSUN,NONHELI,7364,3.87,50,1.707570176,675
232,MHF,479,2.665,T_M,0,0,NONSUN,NONHELI,7364,3.87,50,1.707570176,675
232,MHF,478,2.925,T_M,4,0.698970004,NONSUN,NONHELI,7364,3.87,50,1.707570176,675
232,MHF,476,2.535,T_M,6,0.84509804,NONSUN,NONHELI,7364,3.87,50,1.707570176,675
232,MHF,474,2.6,T_M,10,1.041392685,NONSUN,NONHELI,7364,3.87,50,1.707570176,675
232,MHF,462,3.185,RAS,86,1.939519253,NONSUN,NONHELI,7364,3.87,50,1.707570176,675
232,MHF,469,2.99,RAS,86,1.939519253,NONSUN,NONHELI,7364,3.87,50,1.707570176,675
231,PAS,365,2.665,SUN,0,0,SUN,HELI,88000,4.94,4335,3.637089274,48690
231,PAS,366,2.99,SUN,0,0,SUN,HELI,88000,4.94,4335,3.637089274,48690
231,PAS,369,2.795,SUN,0,0,SUN,HELI,88000,4.94,4335,3.637089274,48690
231,PAS,370,2.6,SUN,0,0,SUN,HELI,88000,4.94,4335,3.637089274,48690
231,PAS,372,2.73,SUN,0,0,SUN,HELI,88000,4.94,4335,3.637089274,48690
231,PAS,373,2.925,SUN,0,0,SUN,HELI,88000,4.94,4335,3.637089274,48690
231,PAS,375,2.405,SUN,0,0,SUN,HELI,88000,4.94,4335,3.637089274,48690
231,PAS,376,2.925,SUN,0,0,SUN,HELI,88000,4.94,4335,3.637089274,48690
231,PAS,377,2.6,SUN,0,0,SUN,HELI,88000,4.94,4335,3.637089274,48690
231,PAS,378,2.795,SUN,0,0,SUN,HELI,88000,4.94,4335,3.637089274,48690
231,PAS,379,2.6,SUN,0,0,SUN,HELI,88000,4.94,4335,3.637089274,48690
231,PAS,381,2.73,SUN,0,0,SUN,HELI,88000,4.94,4335,3.637089274,48690
231,PAS,382,2.6,SUN,0,0,SUN,HELI,88000,4.94,4335,3.637089274,48690
231,PAS,383,3.055,SUN,0,0,SUN,HELI,88000,4.94,4335,3.637089274,48690
231,PAS,385,2.795,SUN,0,0,SUN,HELI,88000,4.94,4335,3.637089274,48690
231,PAS,388,2.665,SUN,0,0,SUN,HELI,88000,4.94,4335,3.637089274,48690
231,PAS,392,2.795,SUN,0,0,SUN,HELI,88000,4.94,4335,3.637089274,48690
231,PAS,394,2.34,SUN,0,0,SUN,HELI,88000,4.94,4335,3.637089274,48690
231,PAS,395,2.6,SUN,0,0,SUN,HELI,88000,4.94,4335,3.637089274,48690
231,PAS,396,2.73,SUN,0,0,SUN,HELI,88000,4.94,4335,3.637089274,48690
231,PAS,387,2.86,SUN,1,0.301029996,SUN,HELI,88000,4.94,4335,3.637089274,48690
231,PAS,368,2.665,SUN,2,0.477121255,SUN,HELI,88000,4.94,4335,3.637089274,48690
231,PAS,384,2.99,SUN,3,0.602059991,SUN,HELI,88000,4.94,4335,3.637089274,48690
231,PAS,391,3.055,SUN,3,0.602059991,SUN,HELI,88000,4.94,4335,3.637089274,48690
231,PAS,393,2.665,SUN,3,0.602059991,SUN,HELI,88000,4.94,4335,3.637089274,48690
231,PAS,367,2.73,SUN,14,1.176091259,SUN,HELI,88000,4.94,4335,3.637089274,48690
231,PAS,374,2.795,SUN,17,1.255272505,SUN,HELI,88000,4.94,4335,3.637089274,48690
231,PAS,390,2.925,SUN,27,1.447158031,SUN,HELI,88000,4.94,4335,3.637089274,48690
231,PAS,398,2.86,SUN,27,1.447158031,SUN,HELI,88000,4.94,4335,3.637089274,48690
231,PAS,389,2.6,SUN,32,1.51851394,SUN,HELI,88000,4.94,4335,3.637089274,48690
231,PAS,371,2.99,SUN,39,1.602059991,SUN,HELI,88000,4.94,4335,3.637089274,48690
231,PAS,386,2.535,SUN,46,1.672097858,SUN,HELI,88000,4.94,4335,3.637089274,48690
231,PAS,397,2.665,SUN,84,1.929418926,SUN,HELI,88000,4.94,4335,3.637089274,48690
231,PAS,380,2.795,SUN,209,2.322219295,SUN,HELI,88000,4.94,4335,3.637089274,48690
253,QUE,650,2.925,EGG,0,0,NONSUN,NONHELI,628913.63,5.8,0,0,121406
253,QUE,651,2.795,EGG,0,0,NONSUN,NONHELI,628913.63,5.8,0,0,121406
253,QUE,652,2.535,EGG,0,0,NONSUN,NONHELI,628913.63,5.8,0,0,121406
253,QUE,653,2.405,EGG,0,0,NONSUN,NONHELI,628913.63,5.8,0,0,121406
253,QUE,654,2.47,EGG,0,0,NONSUN,NONHELI,628913.63,5.8,0,0,121406
253,QUE,655,2.665,EGG,0,0,NONSUN,NONHELI,628913.63,5.8,0,0,121406
253,QUE,656,2.795,EGG,0,0,NONSUN,NONHELI,628913.63,5.8,0,0,121406
253,QUE,657,2.86,EGG,0,0,NONSUN,NONHELI,628913.63,5.8,0,0,121406
253,QUE,661,2.47,EGG,0,0,NONSUN,NONHELI,628913.63,5.8,0,0,121406
253,QUE,662,3.185,EGG,0,0,NONSUN,NONHELI,628913.63,5.8,0,0,121406
253,QUE,664,2.6,EGG,0,0,NONSUN,NONHELI,628913.63,5.8,0,0,121406
253,QUE,665,2.6,EGG,0,0,NONSUN,NONHELI,628913.63,5.8,0,0,121406
253,QUE,666,2.73,EGG,0,0,NONSUN,NONHELI,628913.63,5.8,0,0,121406
253,QUE,668,2.795,EGG,0,0,NONSUN,NONHELI,628913.63,5.8,0,0,121406
253,QUE,671,2.47,EGG,0,0,NONSUN,NONHELI,628913.63,5.8,0,0,121406
253,QUE,674,2.535,EGG,0,0,NONSUN,NONHELI,628913.63,5.8,0,0,121406
253,QUE,675,2.47,EGG,0,0,NONSUN,NONHELI,628913.63,5.8,0,0,121406
253,QUE,677,2.535,EGG,0,0,NONSUN,NONHELI,628913.63,5.8,0,0,121406
253,QUE,670,2.405,EGG,1,0.301029996,NONSUN,NONHELI,628913.63,5.8,0,0,121406
253,QUE,672,2.665,EGG,2,0.477121255,NONSUN,NONHELI,628913.63,5.8,0,0,121406
253,QUE,658,2.535,EGG,3,0.602059991,NONSUN,NONHELI,628913.63,5.8,0,0,121406
253,QUE,678,2.86,EGG,4,0.698970004,NONSUN,NONHELI,628913.63,5.8,0,0,121406
253,QUE,660,2.405,EGG,5,0.77815125,NONSUN,NONHELI,628913.63,5.8,0,0,121406
253,QUE,676,2.665,EGG,26,1.431363764,NONSUN,NONHELI,628913.63,5.8,0,0,121406
253,QUE,667,2.665,EGG,33,1.531478917,NONSUN,NONHELI,628913.63,5.8,0,0,121406
253,QUE,673,2.73,EGG,42,1.633468456,NONSUN,NONHELI,628913.63,5.8,0,0,121406
253,QUE,669,2.535,EGG,50,1.707570176,NONSUN,NONHELI,628913.63,5.8,0,0,121406
253,QUE,663,2.6,EGG,58,1.770852012,NONSUN,NONHELI,628913.63,5.8,0,0,121406
253,QUE,659,2.275,EGG,62,1.799340549,NONSUN,NONHELI,628913.63,5.8,0,0,121406
253,QUE,679,2.275,EGG,140,2.149219113,NONSUN,NONHELI,628913.63,5.8,0,0,121406
217,SIM,179,2.275,CUC,0,0,NONSUN,NONHELI,112137.41,5.05,151.9,2.184407485,35622
217,SIM,182,2.535,CUC,0,0,NONSUN,NONHELI,112137.41,5.05,151.9,2.184407485,35622
217,SIM,184,1.885,CUC,0,0,NONSUN,NONHELI,112137.41,5.05,151.9,2.184407485,35622
217,SIM,186,2.405,CUC,0,0,NONSUN,NONHELI,112137.41,5.05,151.9,2.184407485,35622
217,SIM,193,2.86,CUC,0,0,NONSUN,NONHELI,112137.41,5.05,151.9,2.184407485,35622
217,SIM,194,2.34,CUC,0,0,NONSUN,NONHELI,112137.41,5.05,151.9,2.184407485,35622
217,SIM,196,2.34,CUC,0,0,NONSUN,NONHELI,112137.41,5.05,151.9,2.184407485,35622
217,SIM,198,2.535,CUC,0,0,NONSUN,NONHELI,112137.41,5.05,151.9,2.184407485,35622
217,SIM,200,2.6,CUC,0,0,NONSUN,NONHELI,112137.41,5.05,151.9,2.184407485,35622
217,SIM,202,2.795,CUC,0,0,NONSUN,NONHELI,112137.41,5.05,151.9,2.184407485,35622
217,SIM,204,1.885,CUC,0,0,NONSUN,NONHELI,112137.41,5.05,151.9,2.184407485,35622
217,SIM,205,2.47,CUC,0,0,NONSUN,NONHELI,112137.41,5.05,151.9,2.184407485,35622
217,SIM,206,2.015,CUC,0,0,NONSUN,NONHELI,112137.41,5.05,151.9,2.184407485,35622
218,SIM,208,2.145,CHK,0,0,NONSUN,HELI,112137.41,5.05,151.9,2.184407485,35622
218,SIM,211,2.73,CHK,0,0,NONSUN,HELI,112137.41,5.05,151.9,2.184407485,35622
218,SIM,216,2.275,CHK,0,0,NONSUN,HELI,112137.41,5.05,151.9,2.184407485,35622
218,SIM,217,2.34,CHK,0,0,NONSUN,HELI,112137.41,5.05,151.9,2.184407485,35622
218,SIM,220,2.21,CHK,0,0,NONSUN,HELI,112137.41,5.05,151.9,2.184407485,35622
218,SIM,222,2.21,CHK,0,0,NONSUN,HELI,112137.41,5.05,151.9,2.184407485,35622
218,SIM,225,2.535,CHK,0,0,NONSUN,HELI,112137.41,5.05,151.9,2.184407485,35622
218,SIM,228,2.535,CHK,0,0,NONSUN,HELI,112137.41,5.05,151.9,2.184407485,35622
218,SIM,229,2.275,CHK,0,0,NONSUN,HELI,112137.41,5.05,151.9,2.184407485,35622
218,SIM,231,2.21,CHK,0,0,NONSUN,HELI,112137.41,5.05,151.9,2.184407485,35622
218,SIM,233,2.21,CHK,0,0,NONSUN,HELI,112137.41,5.05,151.9,2.184407485,35622
218,SIM,234,2.145,CHK,0,0,NONSUN,HELI,112137.41,5.05,151.9,2.184407485,35622
217,SIM,188,2.34,CUC,1,0.301029996,NONSUN,NONHELI,112137.41,5.05,151.9,2.184407485,35622
217,SIM,201,2.99,CUC,1,0.301029996,NONSUN,NONHELI,112137.41,5.05,151.9,2.184407485,35622
218,SIM,235,2.08,CHK,1,0.301029996,NONSUN,HELI,112137.41,5.05,151.9,2.184407485,35622
217,SIM,195,2.275,CUC,2,0.477121255,NONSUN,NONHELI,112137.41,5.05,151.9,2.184407485,35622
218,SIM,218,2.34,CHK,2,0.477121255,NONSUN,HELI,112137.41,5.05,151.9,2.184407485,35622
217,SIM,190,2.275,CUC,3,0.602059991,NONSUN,NONHELI,112137.41,5.05,151.9,2.184407485,35622
218,SIM,232,2.21,CHK,3,0.602059991,NONSUN,HELI,112137.41,5.05,151.9,2.184407485,35622
218,SIM,219,2.665,CHK,10,1.041392685,NONSUN,HELI,112137.41,5.05,151.9,2.184407485,35622
217,SIM,187,2.015,CUC,11,1.079181246,NONSUN,NONHELI,112137.41,5.05,151.9,2.184407485,35622
217,SIM,174,2.08,CUC,12,1.113943352,NONSUN,NONHELI,112137.41,5.05,151.9,2.184407485,35622
217,SIM,176,2.925,CUC,13,1.146128036,NONSUN,NONHELI,112137.41,5.05,151.9,2.184407485,35622
218,SIM,230,2.015,CHK,14,1.176091259,NONSUN,HELI,112137.41,5.05,151.9,2.184407485,35622
218,SIM,209,2.34,CHK,17,1.255272505,NONSUN,HELI,112137.41,5.05,151.9,2.184407485,35622
218,SIM,214,2.6,CHK,17,1.255272505,NONSUN,HELI,112137.41,5.05,151.9,2.184407485,35622
217,SIM,191,2.015,CUC,23,1.380211242,NONSUN,NONHELI,112137.41,5.05,151.9,2.184407485,35622
217,SIM,175,2.405,CUC,24,1.397940009,NONSUN,NONHELI,112137.41,5.05,151.9,2.184407485,35622
218,SIM,207,2.275,CHK,27,1.447158031,NONSUN,HELI,112137.41,5.05,151.9,2.184407485,35622
217,SIM,178,1.95,CUC,28,1.462397998,NONSUN,NONHELI,112137.41,5.05,151.9,2.184407485,35622
217,SIM,203,2.015,CUC,28,1.462397998,NONSUN,NONHELI,112137.41,5.05,151.9,2.184407485,35622
218,SIM,224,2.47,CHK,34,1.544068044,NONSUN,HELI,112137.41,5.05,151.9,2.184407485,35622
217,SIM,197,2.275,CUC,35,1.556302501,NONSUN,NONHELI,112137.41,5.05,151.9,2.184407485,35622
217,SIM,192,2.47,CUC,36,1.568201724,NONSUN,NONHELI,112137.41,5.05,151.9,2.184407485,35622
218,SIM,223,2.405,CHK,36,1.568201724,NONSUN,HELI,112137.41,5.05,151.9,2.184407485,35622
217,SIM,189,2.275,CUC,37,1.579783597,NONSUN,NONHELI,112137.41,5.05,151.9,2.184407485,35622
218,SIM,226,2.08,CHK,37,1.579783597,NONSUN,HELI,112137.41,5.05,151.9,2.184407485,35622
218,SIM,227,2.015,CHK,47,1.681241237,NONSUN,HELI,112137.41,5.05,151.9,2.184407485,35622
217,SIM,199,2.275,CUC,48,1.69019608,NONSUN,NONHELI,112137.41,5.05,151.9,2.184407485,35622
218,SIM,212,2.6,CHK,51,1.716003344,NONSUN,HELI,112137.41,5.05,151.9,2.184407485,35622
218,SIM,221,2.275,CHK,55,1.748188027,NONSUN,HELI,112137.41,5.05,151.9,2.184407485,35622
218,SIM,215,2.535,CHK,57,1.763427994,NONSUN,HELI,112137.41,5.05,151.9,2.184407485,35622
217,SIM,181,2.08,CUC,63,1.806179974,NONSUN,NONHELI,112137.41,5.05,151.9,2.184407485,35622
217,SIM,180,2.6,CUC,64,1.812913357,NONSUN,NONHELI,112137.41,5.05,151.9,2.184407485,35622
217,SIM,185,2.21,CUC,65,1.819543936,NONSUN,NONHELI,112137.41,5.05,151.9,2.184407485,35622
218,SIM,210,2.665,CHK,69,1.84509804,NONSUN,HELI,112137.41,5.05,151.9,2.184407485,35622
217,SIM,183,2.535,CUC,77,1.892094603,NONSUN,NONHELI,112137.41,5.05,151.9,2.184407485,35622
218,SIM,213,2.99,CHK,89,1.954242509,NONSUN,HELI,112137.41,5.05,151.9,2.184407485,35622
217,SIM,177,2.86,CUC,114,2.06069784,NONSUN,NONHELI,112137.41,5.05,151.9,2.184407485,35622
225,STN,236,2.21,CHOC,0,0,SUN,HELI,37074.48,4.57,66.97,1.83231727,1011.63
225,STN,237,2.535,CHOC,0,0,SUN,HELI,37074.48,4.57,66.97,1.83231727,1011.63
225,STN,238,2.665,CHOC,0,0,SUN,HELI,37074.48,4.57,66.97,1.83231727,1011.63
225,STN,239,2.6,CHOC,0,0,SUN,HELI,37074.48,4.57,66.97,1.83231727,1011.63
225,STN,240,2.6,CHOC,0,0,SUN,HELI,37074.48,4.57,66.97,1.83231727,1011.63
225,STN,241,2.86,CHOC,0,0,SUN,HELI,37074.48,4.57,66.97,1.83231727,1011.63
225,STN,242,2.405,CHOC,0,0,SUN,HELI,37074.48,4.57,66.97,1.83231727,1011.63
225,STN,243,2.145,CHOC,0,0,SUN,HELI,37074.48,4.57,66.97,1.83231727,1011.63
225,STN,245,2.73,CHOC,0,0,SUN,HELI,37074.48,4.57,66.97,1.83231727,1011.63
225,STN,246,2.405,CHOC,0,0,SUN,HELI,37074.48,4.57,66.97,1.83231727,1011.63
225,STN,247,2.6,CHOC,0,0,SUN,HELI,37074.48,4.57,66.97,1.83231727,1011.63
225,STN,249,3.185,CHOC,0,0,SUN,HELI,37074.48,4.57,66.97,1.83231727,1011.63
225,STN,250,2.47,CHOC,0,0,SUN,HELI,37074.48,4.57,66.97,1.83231727,1011.63
225,STN,251,2.47,CHOC,0,0,SUN,HELI,37074.48,4.57,66.97,1.83231727,1011.63
225,STN,252,2.015,CHOC,0,0,SUN,HELI,37074.48,4.57,66.97,1.83231727,1011.63
225,STN,253,2.535,CHOC,0,0,SUN,HELI,37074.48,4.57,66.97,1.83231727,1011.63
225,STN,254,2.6,HOL,0,0,SUN,HELI,37074.48,4.57,66.97,1.83231727,1011.63
225,STN,255,2.47,HOL,0,0,SUN,HELI,37074.48,4.57,66.97,1.83231727,1011.63
225,STN,256,2.21,HOL,0,0,SUN,HELI,37074.48,4.57,66.97,1.83231727,1011.63
225,STN,257,2.21,HOL,0,0,SUN,HELI,37074.48,4.57,66.97,1.83231727,1011.63
225,STN,259,2.86,ROF,0,0,SUN,HELI,37074.48,4.57,66.97,1.83231727,1011.63
225,STN,248,2.535,CHOC,3,0.602059991,SUN,HELI,37074.48,4.57,66.97,1.83231727,1011.63
225,STN,258,2.795,ROF,4,0.698970004,SUN,HELI,37074.48,4.57,66.97,1.83231727,1011.63
225,STN,244,2.6,CHOC,26,1.431363764,SUN,HELI,37074.48,4.57,66.97,1.83231727,1011.63
237,SUM,514,2.665,RAS,0,0,NONSUN,NONHELI,164849,5.22,33,1.531478917,956
237,SUM,516,2.795,RAS,0,0,NONSUN,NONHELI,164849,5.22,33,1.531478917,956
237,SUM,518,2.405,RAS,0,0,NONSUN,NONHELI,164849,5.22,33,1.531478917,956
237,SUM,519,2.405,RAS,0,0,NONSUN,NONHELI,164849,5.22,33,1.531478917,956
237,SUM,522,2.535,RAS,0,0,NONSUN,NONHELI,164849,5.22,33,1.531478917,956
237,SUM,523,2.405,RAS,0,0,NONSUN,NONHELI,164849,5.22,33,1.531478917,956
237,SUM,525,2.405,RAS,0,0,NONSUN,NONHELI,164849,5.22,33,1.531478917,956
237,SUM,526,2.015,RAS,0,0,NONSUN,NONHELI,164849,5.22,33,1.531478917,956
237,SUM,532,2.47,SUN,0,0,SUN,HELI,164849,5.22,33,1.531478917,956
237,SUM,533,2.73,SUN,0,0,SUN,HELI,164849,5.22,33,1.531478917,956
237,SUM,534,3.055,SUN,0,0,SUN,HELI,164849,5.22,33,1.531478917,956
237,SUM,535,2.6,SUN,0,0,SUN,HELI,164849,5.22,33,1.531478917,956
237,SUM,537,2.08,SUN,0,0,SUN,HELI,164849,5.22,33,1.531478917,956
237,SUM,538,2.665,SUN,0,0,SUN,HELI,164849,5.22,33,1.531478917,956
237,SUM,539,2.665,SUN,0,0,SUN,HELI,164849,5.22,33,1.531478917,956
237,SUM,543,2.535,SUN,0,0,SUN,HELI,164849,5.22,33,1.531478917,956
237,SUM,544,2.34,SUN,0,0,SUN,HELI,164849,5.22,33,1.531478917,956
237,SUM,530,2.535,SUN,1,0.301029996,SUN,HELI,164849,5.22,33,1.531478917,956
237,SUM,536,3.25,SUN,1,0.301029996,SUN,HELI,164849,5.22,33,1.531478917,956
237,SUM,542,2.73,SUN,1,0.301029996,SUN,HELI,164849,5.22,33,1.531478917,956
237,SUM,541,2.6,SUN,4,0.698970004,SUN,HELI,164849,5.22,33,1.531478917,956
237,SUM,517,2.405,RAS,12,1.113943352,NONSUN,NONHELI,164849,5.22,33,1.531478917,956
237,SUM,531,NA,SUN,12,1.113943352,SUN,HELI,164849,5.22,33,1.531478917,956
237,SUM,540,2.405,SUN,17,1.255272505,SUN,HELI,164849,5.22,33,1.531478917,956
237,SUM,520,2.535,RAS,20,1.322219295,NONSUN,NONHELI,164849,5.22,33,1.531478917,956
237,SUM,515,2.405,RAS,53,1.73239376,NONSUN,NONHELI,164849,5.22,33,1.531478917,956
237,SUM,524,NA,RAS,56,1.755874856,NONSUN,NONHELI,164849,5.22,33,1.531478917,956
237,SUM,521,2.535,RAS,61,1.792391689,NONSUN,NONHELI,164849,5.22,33,1.531478917,956
237,SUM,529,2.795,SUN,135,2.133538908,SUN,HELI,164849,5.22,33,1.531478917,956
208,SUN,1,2.405,BRG,0,0,NONSUN,NONHELI,33026.47,4.52,67.92,1.838345269,10369.88
208,SUN,2,2.925,BSUN,0,0,SUN,HELI,33026.47,4.52,67.92,1.838345269,10369.88
208,SUN,4,2.535,BSUN,0,0,SUN,HELI,33026.47,4.52,67.92,1.838345269,10369.88
208,SUN,6,1.95,BSUN,0,0,SUN,HELI,33026.47,4.52,67.92,1.838345269,10369.88
208,SUN,8,2.73,GER,0,0,NONSUN,NONHELI,33026.47,4.52,67.92,1.838345269,10369.88
208,SUN,9,2.795,GER,0,0,NONSUN,NONHELI,33026.47,4.52,67.92,1.838345269,10369.88
208,SUN,10,2.405,GER,0,0,NONSUN,NONHELI,33026.47,4.52,67.92,1.838345269,10369.88
208,SUN,12,2.925,GER,0,0,NONSUN,NONHELI,33026.47,4.52,67.92,1.838345269,10369.88
208,SUN,15,2.86,GER,0,0,NONSUN,NONHELI,33026.47,4.52,67.92,1.838345269,10369.88
208,SUN,16,2.47,GER,0,0,NONSUN,NONHELI,33026.47,4.52,67.92,1.838345269,10369.88
208,SUN,18,2.47,GER,0,0,NONSUN,NONHELI,33026.47,4.52,67.92,1.838345269,10369.88
208,SUN,19,2.6,GER,0,0,NONSUN,NONHELI,33026.47,4.52,67.92,1.838345269,10369.88
208,SUN,20,2.275,GER,0,0,NONSUN,NONHELI,33026.47,4.52,67.92,1.838345269,10369.88
208,SUN,17,2.73,GER,3,0.602059991,NONSUN,NONHELI,33026.47,4.52,67.92,1.838345269,10369.88
208,SUN,13,3.055,GER,17,1.255272505,NONSUN,NONHELI,33026.47,4.52,67.92,1.838345269,10369.88
208,SUN,14,2.99,GER,39,1.602059991,NONSUN,NONHELI,33026.47,4.52,67.92,1.838345269,10369.88
208,SUN,5,3.185,BSUN,92,1.968482949,SUN,HELI,33026.47,4.52,67.92,1.838345269,10369.88
208,SUN,3,2.925,BSUN,103,2.017033339,SUN,HELI,33026.47,4.52,67.92,1.838345269,10369.88
208,SUN,7,2.535,ECHO,219,2.342422681,NONSUN,NONHELI,33026.47,4.52,67.92,1.838345269,10369.88
208,SUN,11,2.34,GER,265,2.424881637,NONSUN,NONHELI,33026.47,4.52,67.92,1.838345269,10369.88
215,TKG,116,2.86,SQU,0,0,NONSUN,NONHELI,456382.64,5.66,0,0,148777.13
215,TKG,117,2.925,SQU,0,0,NONSUN,NONHELI,456382.64,5.66,0,0,148777.13
215,TKG,122,2.73,SQU,0,0,NONSUN,NONHELI,456382.64,5.66,0,0,148777.13
215,TKG,127,2.6,SQU,0,0,NONSUN,NONHELI,456382.64,5.66,0,0,148777.13
215,TKG,133,2.535,SQU,0,0,NONSUN,NONHELI,456382.64,5.66,0,0,148777.13
215,TKG,136,2.275,SQU,0,0,NONSUN,NONHELI,456382.64,5.66,0,0,148777.13
215,TKG,138,2.665,SQU,0,0,NONSUN,NONHELI,456382.64,5.66,0,0,148777.13
215,TKG,140,2.34,SQU,0,0,NONSUN,NONHELI,456382.64,5.66,0,0,148777.13
215,TKG,112,2.73,SQU,1,0.301029996,NONSUN,NONHELI,456382.64,5.66,0,0,148777.13
215,TKG,115,2.535,SQU,1,0.301029996,NONSUN,NONHELI,456382.64,5.66,0,0,148777.13
215,TKG,119,2.665,SQU,1,0.301029996,NONSUN,NONHELI,456382.64,5.66,0,0,148777.13
215,TKG,123,3.12,SQU,1,0.301029996,NONSUN,NONHELI,456382.64,5.66,0,0,148777.13
215,TKG,129,2.47,SQU,1,0.301029996,NONSUN,NONHELI,456382.64,5.66,0,0,148777.13
215,TKG,139,2.6,SQU,2,0.477121255,NONSUN,NONHELI,456382.64,5.66,0,0,148777.13
215,TKG,135,2.47,SQU,5,0.77815125,NONSUN,NONHELI,456382.64,5.66,0,0,148777.13
215,TKG,126,2.47,SQU,10,1.041392685,NONSUN,NONHELI,456382.64,5.66,0,0,148777.13
215,TKG,128,2.99,SQU,10,1.041392685,NONSUN,NONHELI,456382.64,5.66,0,0,148777.13
215,TKG,114,2.99,SQU,15,1.204119983,NONSUN,NONHELI,456382.64,5.66,0,0,148777.13
215,TKG,141,2.665,SQU,17,1.255272505,NONSUN,NONHELI,456382.64,5.66,0,0,148777.13
215,TKG,121,2.21,SQU,26,1.431363764,NONSUN,NONHELI,456382.64,5.66,0,0,148777.13
215,TKG,113,2.73,SQU,27,1.447158031,NONSUN,NONHELI,456382.64,5.66,0,0,148777.13
215,TKG,118,2.795,SQU,42,1.633468456,NONSUN,NONHELI,456382.64,5.66,0,0,148777.13
215,TKG,124,2.47,SQU,43,1.643452676,NONSUN,NONHELI,456382.64,5.66,0,0,148777.13
215,TKG,134,2.47,SQU,47,1.681241237,NONSUN,NONHELI,456382.64,5.66,0,0,148777.13
215,TKG,137,2.145,SQU,74,1.875061263,NONSUN,NONHELI,456382.64,5.66,0,0,148777.13
215,TKG,130,2.535,SQU,88,1.949390007,NONSUN,NONHELI,456382.64,5.66,0,0,148777.13
215,TKG,120,2.535,SQU,90,1.959041392,NONSUN,NONHELI,456382.64,5.66,0,0,148777.13
215,TKG,131,2.99,SQU,93,1.973127854,NONSUN,NONHELI,456382.64,5.66,0,0,148777.13
215,TKG,132,2.34,SQU,106,2.029383778,NONSUN,NONHELI,456382.64,5.66,0,0,148777.13
215,TKG,125,2.99,SQU,221,2.346352974,NONSUN,NONHELI,456382.64,5.66,0,0,148777.13
239,UAL,582,2.925,SUN,0,0,SUN,HELI,156389,5.19,810.5,2.909288524,8982.5
239,UAL,583,2.925,SUN,0,0,SUN,HELI,156389,5.19,810.5,2.909288524,8982.5
239,UAL,584,2.795,SUN,0,0,SUN,HELI,156389,5.19,810.5,2.909288524,8982.5
239,UAL,586,2.99,SUN,0,0,SUN,HELI,156389,5.19,810.5,2.909288524,8982.5
239,UAL,587,2.6,SUN,0,0,SUN,HELI,156389,5.19,810.5,2.909288524,8982.5
239,UAL,590,2.73,SUN,0,0,SUN,HELI,156389,5.19,810.5,2.909288524,8982.5
239,UAL,591,2.73,SUN,0,0,SUN,HELI,156389,5.19,810.5,2.909288524,8982.5
239,UAL,592,2.73,SUN,0,0,SUN,HELI,156389,5.19,810.5,2.909288524,8982.5
239,UAL,593,3.12,SUN,0,0,SUN,HELI,156389,5.19,810.5,2.909288524,8982.5
239,UAL,594,2.925,SUN,0,0,SUN,HELI,156389,5.19,810.5,2.909288524,8982.5
239,UAL,595,2.73,SUN,0,0,SUN,HELI,156389,5.19,810.5,2.909288524,8982.5
239,UAL,597,2.795,SUN,0,0,SUN,HELI,156389,5.19,810.5,2.909288524,8982.5
239,UAL,600,2.99,SUN,0,0,SUN,HELI,156389,5.19,810.5,2.909288524,8982.5
239,UAL,601,2.925,SUN,0,0,SUN,HELI,156389,5.19,810.5,2.909288524,8982.5
239,UAL,607,2.405,SUN,0,0,SUN,HELI,156389,5.19,810.5,2.909288524,8982.5
239,UAL,609,2.6,SUN,0,0,SUN,HELI,156389,5.19,810.5,2.909288524,8982.5
239,UAL,610,2.535,SUN,0,0,SUN,HELI,156389,5.19,810.5,2.909288524,8982.5
239,UAL,611,2.795,SUN,0,0,SUN,HELI,156389,5.19,810.5,2.909288524,8982.5
239,UAL,612,2.86,SUN,0,0,SUN,HELI,156389,5.19,810.5,2.909288524,8982.5
239,UAL,613,2.73,SUN,0,0,SUN,HELI,156389,5.19,810.5,2.909288524,8982.5
239,UAL,614,2.6,SUN,0,0,SUN,HELI,156389,5.19,810.5,2.909288524,8982.5
239,UAL,605,2.405,SUN,2,0.477121255,SUN,HELI,156389,5.19,810.5,2.909288524,8982.5
239,UAL,602,2.73,SUN,3,0.602059991,SUN,HELI,156389,5.19,810.5,2.909288524,8982.5
239,UAL,599,2.6,SUN,4,0.698970004,SUN,HELI,156389,5.19,810.5,2.909288524,8982.5
239,UAL,606,2.47,SUN,5,0.77815125,SUN,HELI,156389,5.19,810.5,2.909288524,8982.5
239,UAL,608,2.665,SUN,10,1.041392685,SUN,HELI,156389,5.19,810.5,2.909288524,8982.5
239,UAL,603,2.405,SUN,11,1.079181246,SUN,HELI,156389,5.19,810.5,2.909288524,8982.5
239,UAL,585,2.86,SUN,12,1.113943352,SUN,HELI,156389,5.19,810.5,2.909288524,8982.5
239,UAL,596,2.6,SUN,12,1.113943352,SUN,HELI,156389,5.19,810.5,2.909288524,8982.5
239,UAL,589,2.86,SUN,19,1.301029996,SUN,HELI,156389,5.19,810.5,2.909288524,8982.5
239,UAL,598,2.34,SUN,25,1.414973348,SUN,HELI,156389,5.19,810.5,2.909288524,8982.5
239,UAL,588,2.73,SUN,76,1.886490725,SUN,HELI,156389,5.19,810.5,2.909288524,8982.5
239,UAL,604,2.665,SUN,103,2.017033339,SUN,HELI,156389,5.19,810.5,2.909288524,8982.5
239,UPN,617,2.47,RAS,0,0,NONSUN,NONHELI,282367,5.45,4,0.698970004,115586
239,UPN,618,2.405,RAS,0,0,NONSUN,NONHELI,282367,5.45,4,0.698970004,115586
239,UPN,623,2.86,RAS,0,0,NONSUN,NONHELI,282367,5.45,4,0.698970004,115586
239,UPN,624,2.99,RAS,0,0,NONSUN,NONHELI,282367,5.45,4,0.698970004,115586
239,UPN,625,2.535,RAS,0,0,NONSUN,NONHELI,282367,5.45,4,0.698970004,115586
239,UPN,626,2.925,RAS,0,0,NONSUN,NONHELI,282367,5.45,4,0.698970004,115586
239,UPN,627,2.535,RAS,0,0,NONSUN,NONHELI,282367,5.45,4,0.698970004,115586
239,UPN,628,2.6,RAS,0,0,NONSUN,NONHELI,282367,5.45,4,0.698970004,115586
239,UPN,631,2.535,RAS,0,0,NONSUN,NONHELI,282367,5.45,4,0.698970004,115586
239,UPN,633,2.6,RAS,0,0,NONSUN,NONHELI,282367,5.45,4,0.698970004,115586
239,UPN,635,2.73,RAS,0,0,NONSUN,NONHELI,282367,5.45,4,0.698970004,115586
239,UPN,637,2.99,RAS,0,0,NONSUN,NONHELI,282367,5.45,4,0.698970004,115586
239,UPN,639,2.925,RAS,0,0,NONSUN,NONHELI,282367,5.45,4,0.698970004,115586
239,UPN,643,2.795,RAS,0,0,NONSUN,NONHELI,282367,5.45,4,0.698970004,115586
239,UPN,644,2.6,RAS,0,0,NONSUN,NONHELI,282367,5.45,4,0.698970004,115586
239,UPN,645,2.34,RAS,0,0,NONSUN,NONHELI,282367,5.45,4,0.698970004,115586
239,UPN,646,2.6,RAS,0,0,NONSUN,NONHELI,282367,5.45,4,0.698970004,115586
239,UPN,647,2.795,RAS,0,0,NONSUN,NONHELI,282367,5.45,4,0.698970004,115586
239,UPN,648,3.12,RAS,0,0,NONSUN,NONHELI,282367,5.45,4,0.698970004,115586
239,UPN,649,2.86,RAS,0,0,NONSUN,NONHELI,282367,5.45,4,0.698970004,115586
239,UPN,638,2.34,RAS,5,0.77815125,NONSUN,NONHELI,282367,5.45,4,0.698970004,115586
239,UPN,641,2.6,RAS,7,0.903089987,NONSUN,NONHELI,282367,5.45,4,0.698970004,115586
239,UPN,636,2.665,RAS,17,1.255272505,NONSUN,NONHELI,282367,5.45,4,0.698970004,115586
239,UPN,629,2.405,RAS,18,1.278753601,NONSUN,NONHELI,282367,5.45,4,0.698970004,115586
239,UPN,630,2.21,RAS,31,1.505149978,NONSUN,NONHELI,282367,5.45,4,0.698970004,115586
239,UPN,621,2.86,RAS,32,1.51851394,NONSUN,NONHELI,282367,5.45,4,0.698970004,115586
239,UPN,632,3.055,RAS,43,1.643452676,NONSUN,NONHELI,282367,5.45,4,0.698970004,115586
239,UPN,620,2.275,RAS,54,1.740362689,NONSUN,NONHELI,282367,5.45,4,0.698970004,115586
239,UPN,634,2.275,RAS,61,1.792391689,NONSUN,NONHELI,282367,5.45,4,0.698970004,115586
239,UPN,619,2.86,RAS,74,1.875061263,NONSUN,NONHELI,282367,5.45,4,0.698970004,115586
239,UPN,622,2.665,RAS,83,1.924279286,NONSUN,NONHELI,282367,5.45,4,0.698970004,115586
239,UPN,640,2.925,RAS,97,1.991226076,NONSUN,NONHELI,282367,5.45,4,0.698970004,115586
239,UPN,642,2.535,RAS,138,2.1430148,NONSUN,NONHELI,282367,5.45,4,0.698970004,115586
230,USD,331,2.73,T_M,0,0,NONSUN,NONHELI,599139,5.78,0,0,199999
230,USD,332,2.86,T_M,0,0,NONSUN,NONHELI,599139,5.78,0,0,199999
230,USD,333,2.665,T_M,0,0,NONSUN,NONHELI,599139,5.78,0,0,199999
230,USD,336,3.25,T_M,0,0,NONSUN,NONHELI,599139,5.78,0,0,199999
230,USD,337,2.6,T_M,0,0,NONSUN,NONHELI,599139,5.78,0,0,199999
230,USD,345,2.08,T_M,0,0,NONSUN,NONHELI,599139,5.78,0,0,199999
230,USD,347,3.315,T_M,0,0,NONSUN,NONHELI,599139,5.78,0,0,199999
230,USD,349,2.73,T_M,0,0,NONSUN,NONHELI,599139,5.78,0,0,199999
230,USD,354,2.795,T_M,0,0,NONSUN,NONHELI,599139,5.78,0,0,199999
230,USD,356,2.535,T_M,0,0,NONSUN,NONHELI,599139,5.78,0,0,199999
230,USD,361,2.73,T_M,0,0,NONSUN,NONHELI,599139,5.78,0,0,199999
230,USD,362,2.405,T_M,0,0,NONSUN,NONHELI,599139,5.78,0,0,199999
230,USD,338,2.73,T_M,1,0.301029996,NONSUN,NONHELI,599139,5.78,0,0,199999
230,USD,341,2.34,T_M,1,0.301029996,NONSUN,NONHELI,599139,5.78,0,0,199999
230,USD,344,2.6,T_M,1,0.301029996,NONSUN,NONHELI,599139,5.78,0,0,199999
230,USD,350,2.795,T_M,1,0.301029996,NONSUN,NONHELI,599139,5.78,0,0,199999
230,USD,359,2.6,T_M,1,0.301029996,NONSUN,NONHELI,599139,5.78,0,0,199999
230,USD,339,2.6,T_M,2,0.477121255,NONSUN,NONHELI,599139,5.78,0,0,199999
230,USD,346,2.665,T_M,4,0.698970004,NONSUN,NONHELI,599139,5.78,0,0,199999
230,USD,357,2.34,T_M,4,0.698970004,NONSUN,NONHELI,599139,5.78,0,0,199999
230,USD,358,2.665,T_M,5,0.77815125,NONSUN,NONHELI,599139,5.78,0,0,199999
230,USD,353,2.925,T_M,6,0.84509804,NONSUN,NONHELI,599139,5.78,0,0,199999
230,USD,363,2.6,T_M,7,0.903089987,NONSUN,NONHELI,599139,5.78,0,0,199999
230,USD,351,2.6,T_M,12,1.113943352,NONSUN,NONHELI,599139,5.78,0,0,199999
230,USD,355,2.5025,T_M,17,1.255272505,NONSUN,NONHELI,599139,5.78,0,0,199999
230,USD,340,2.5025,T_M,24,1.397940009,NONSUN,NONHELI,599139,5.78,0,0,199999
230,USD,330,2.275,T_M,27,1.447158031,NONSUN,.,599139,5.78,0,0,199999
230,USD,334,2.665,T_M,27,1.447158031,NONSUN,NONHELI,599139,5.78,0,0,199999
230,USD,342,2.535,T_M,39,1.602059991,NONSUN,NONHELI,599139,5.78,0,0,199999
230,USD,352,3.055,T_M,42,1.633468456,NONSUN,NONHELI,599139,5.78,0,0,199999
230,USD,348,2.21,T_M,73,1.86923172,NONSUN,NONHELI,599139,5.78,0,0,199999
230,USD,360,2.275,T_M,77,1.892094603,NONSUN,NONHELI,599139,5.78,0,0,199999
230,USD,335,2.795,T_M,94,1.977723605,NONSUN,NONHELI,599139,5.78,0,0,199999
230,USD,343,2.86,T_M,107,2.033423755,NONSUN,NONHELI,599139,5.78,0,0,199999
231,WAR,399,2.73,BAS,0,0,NONSUN,NONHELI,212290,5.33,0,0,100500
231,WAR,400,2.795,BAS,0,0,NONSUN,NONHELI,212290,5.33,0,0,100500
231,WAR,401,2.99,BAS,0,0,NONSUN,NONHELI,212290,5.33,0,0,100500
231,WAR,403,2.795,BAS,0,0,NONSUN,NONHELI,212290,5.33,0,0,100500
231,WAR,405,2.795,BAS,0,0,NONSUN,NONHELI,212290,5.33,0,0,100500
231,WAR,408,2.6,BAS,0,0,NONSUN,NONHELI,212290,5.33,0,0,100500
231,WAR,409,2.535,BAS,0,0,NONSUN,NONHELI,212290,5.33,0,0,100500
231,WAR,411,2.795,BAS,0,0,NONSUN,NONHELI,212290,5.33,0,0,100500
231,WAR,412,2.73,BAS,0,0,NONSUN,NONHELI,212290,5.33,0,0,100500
231,WAR,413,2.925,BAS,0,0,NONSUN,NONHELI,212290,5.33,0,0,100500
231,WAR,414,2.47,BAS,0,0,NONSUN,NONHELI,212290,5.33,0,0,100500
231,WAR,421,2.73,BAS,0,0,NONSUN,NONHELI,212290,5.33,0,0,100500
231,WAR,422,2.47,BAS,0,0,NONSUN,NONHELI,212290,5.33,0,0,100500
231,WAR,423,2.6,BAS,2,0.477121255,NONSUN,NONHELI,212290,5.33,0,0,100500
231,WAR,420,2.99,BAS,6,0.84509804,NONSUN,NONHELI,212290,5.33,0,0,100500
231,WAR,418,2.34,BAS,10,1.041392685,NONSUN,NONHELI,212290,5.33,0,0,100500
231,WAR,407,2.535,BAS,25,1.414973348,NONSUN,NONHELI,212290,5.33,0,0,100500
231,WAR,404,NA,BAS,26,1.431363764,NONSUN,NONHELI,212290,5.33,0,0,100500
231,WAR,419,2.665,BAS,29,1.477121255,NONSUN,NONHELI,212290,5.33,0,0,100500
231,WAR,424,2.21,BAS,49,1.698970004,NONSUN,NONHELI,212290,5.33,0,0,100500
231,WAR,415,2.47,BAS,53,1.73239376,NONSUN,NONHELI,212290,5.33,0,0,100500
231,WAR,417,2.6,BAS,54,1.740362689,NONSUN,NONHELI,212290,5.33,0,0,100500
231,WAR,410,2.34,BAS,73,1.86923172,NONSUN,NONHELI,212290,5.33,0,0,100500
231,WAR,406,2.73,BAS,75,1.880813592,NONSUN,NONHELI,212290,5.33,0,0,100500
231,WAR,416,2.34,BAS,90,1.959041392,NONSUN,NONHELI,212290,5.33,0,0,100500
231,WAR,402,2.86,BAS,98,1.995635195,NONSUN,NONHELI,212290,5.33,0,0,100500